inst_id,entry_time,exit_time,side,entry_price,exit_price,qty,gross_pnl,costs,net_pnl,exit_reason
BTC-USDT-SWAP,2022-06-12T03:00:00+00:00,2022-06-12T15:00:00+00:00,short,27417.9,28145.485714285714,0.06901447332097643,-50.21394486729493,4.409879471151948,-54.62382433844687,stop_loss
BTC-USDT-SWAP,2022-06-13T00:00:00+00:00,2022-06-13T03:00:00+00:00,short,26582.3,24995.999999999996,0.06275477142643573,99.54789391375519,3.560462869770543,95.98743104398464,take_profit
BTC-USDT-SWAP,2022-06-13T08:00:00+00:00,2022-06-13T23:00:00+00:00,short,24805.7,22467.342857142856,0.04289243275134481,100.29782649862688,2.331804183456657,97.96602231517022,take_profit
BTC-USDT-SWAP,2022-06-14T01:00:00+00:00,2022-06-14T05:00:00+00:00,short,21751.7,23194.27142857143,0.03502670229931355,-50.52851997406686,1.7317400768602265,-52.26026005092709,stop_loss
BTC-USDT-SWAP,2022-06-15T09:00:00+00:00,2022-06-15T12:00:00+00:00,short,20260.1,21315.97142857143,0.047875381787280444,-50.55024776113844,2.1895173221439093,-52.73976508328235,stop_loss
BTC-USDT-SWAP,2022-06-18T07:00:00+00:00,2022-06-18T18:00:00+00:00,short,19429.2,18320.685714285715,0.09052052583535942,100.34329603886498,4.100567406098238,96.24272863276674,take_profit
BTC-USDT-SWAP,2022-06-18T20:00:00+00:00,2022-06-18T22:00:00+00:00,short,18069.9,18935.442857142858,0.05860952305703989,-50.72905404257043,2.385752044961319,-53.114806087531754,stop_loss
BTC-USDT-SWAP,2022-06-27T14:00:00+00:00,2022-06-28T08:00:00+00:00,short,20740.8,21102.614285714284,0.14034897673196883,-50.78026476700808,7.340850472464807,-58.121115239472886,stop_loss
BTC-USDT-SWAP,2022-06-28T19:00:00+00:00,2022-06-30T06:00:00+00:00,short,20354.0,19512.4,0.11905105051321623,100.1933641119226,6.169977840234108,94.0233862716885,take_profit
BTC-USDT-SWAP,2022-06-30T09:00:00+00:00,2022-06-30T23:00:00+00:00,short,19234.3,19652.285714285714,0.12126746134202543,-50.68806644866177,5.423029159305076,-56.111095607966845,stop_loss
BTC-USDT-SWAP,2022-07-07T15:00:00+00:00,2022-07-07T19:00:00+00:00,long,20914.8,21548.885714285712,0.15861023951919978,100.57248701855983,7.745451666312509,92.82703535224732,take_profit
BTC-USDT-SWAP,2022-07-08T02:00:00+00:00,2022-07-08T08:00:00+00:00,long,22140.5,21499.02857142857,0.0791155715213433,-50.750378686041145,3.970451180428146,-54.72082986646929,stop_loss
BTC-USDT-SWAP,2022-07-12T20:00:00+00:00,2022-07-13T07:00:00+00:00,short,19394.2,19806.085714285713,0.12332894302162725,-50.797429788564855,5.559709273781949,-56.3571390623468,stop_loss
BTC-USDT-SWAP,2022-07-13T13:00:00+00:00,2022-07-13T14:00:00+00:00,short,19162.7,19630.142857142855,0.10791305954845853,-50.443188878358434,4.604879797426536,-55.04806867578497,stop_loss
BTC-USDT-SWAP,2022-07-16T17:00:00+00:00,2022-07-16T19:00:00+00:00,long,21467.7,21156.314285714285,0.1599040129438182,-49.7918252876632,7.497326025266384,-57.28915131292958,stop_loss
BTC-USDT-SWAP,2022-07-18T06:00:00+00:00,2022-07-19T00:00:00+00:00,long,21863.9,22876.742857142857,0.0980175814450645,99.2764072410517,5.481712006443179,93.79469523460853,take_profit
BTC-USDT-SWAP,2022-07-19T16:00:00+00:00,2022-07-21T14:00:00+00:00,long,23128.2,22424.52857142857,0.07121135706058604,-50.109397353332746,4.379226686168345,-54.48862403950109,stop_loss
BTC-USDT-SWAP,2022-07-26T16:00:00+00:00,2022-07-26T21:00:00+00:00,short,20748.3,21112.14285714286,0.13748328078593766,-50.022309690529546,6.330622121067497,-56.352931811597045,stop_loss
BTC-USDT-SWAP,2022-07-28T16:00:00+00:00,2022-07-30T16:00:00+00:00,long,23742.9,24530.0,0.07102647425225185,55.904937883947326,4.80011544450414,51.10482243944318,max_hold
BTC-USDT-SWAP,2022-08-07T22:00:00+00:00,2022-08-07T23:00:00+00:00,long,23312.2,23087.371428571427,0.22270675089687947,-50.07084065164469,11.366847575451304,-61.43768822709599,stop_loss
BTC-USDT-SWAP,2022-08-08T06:00:00+00:00,2022-08-08T08:00:00+00:00,long,23423.4,23949.7,0.1874863792023969,98.67408137422136,10.21408263918203,88.45999873503933,take_profit
BTC-USDT-SWAP,2022-08-11T02:00:00+00:00,2022-08-12T00:00:00+00:00,long,24437.9,23790.57142857143,0.07714583645350265,-49.93870410310799,4.650782211538746,-54.589486314646734,stop_loss
BTC-USDT-SWAP,2022-08-17T07:00:00+00:00,2022-08-17T08:00:00+00:00,long,24408.1,24099.185714285715,0.16082726405178532,-49.6818393979397,8.971488155207844,-58.65332755314754,stop_loss
BTC-USDT-SWAP,2022-08-19T01:00:00+00:00,2022-08-19T06:00:00+00:00,short,22931.1,22318.9,0.1612952957653357,98.74498006753804,8.028473346719583,90.71650672081846,take_profit
BTC-USDT-SWAP,2022-08-19T22:00:00+00:00,2022-08-21T12:00:00+00:00,short,21081.1,21562.542857142857,0.10347173014465771,-49.81572539435879,5.956755533234252,-55.772480927593044,stop_loss
BTC-USDT-SWAP,2022-08-26T12:00:00+00:00,2022-08-26T13:00:00+00:00,short,21191.5,21414.92857142857,0.22175861326032614,-49.54721016273515,10.393176767572651,-59.940386930307795,stop_loss
BTC-USDT-SWAP,2022-08-26T16:00:00+00:00,2022-08-27T15:00:00+00:00,short,20778.2,19868.242857142857,0.10825327605482407,98.50584178377333,5.280132719113101,93.22570906466024,take_profit
BTC-USDT-SWAP,2022-08-29T00:00:00+00:00,2022-08-29T03:00:00+00:00,short,19557.9,19837.14285714286,0.1780938881340053,-49.731446162220045,7.7176179911977805,-57.44906415341782,stop_loss
BTC-USDT-SWAP,2022-09-01T15:00:00+00:00,2022-09-01T20:00:00+00:00,short,19695.9,20015.785714285714,0.15451265638106507,-49.42639145263982,7.0563517564469205,-56.48274320908674,stop_loss
BTC-USDT-SWAP,2022-09-03T20:00:00+00:00,2022-09-04T12:00:00+00:00,short,19710.2,19910.514285714286,0.24545689914816968,-49.16852342650885,11.67021320472842,-60.83873663123727,stop_loss
BTC-USDT-SWAP,2022-09-06T18:00:00+00:00,2022-09-08T18:00:00+00:00,short,19098.6,19199.5,0.1264624133957486,-12.760057511631217,6.780578216260407,-19.540635727891626,max_hold
BTC-USDT-SWAP,2022-09-12T02:00:00+00:00,2022-09-12T03:00:00+00:00,long,22046.3,21573.72857142857,0.10325149527117322,-48.79370662243432,4.954216491148427,-53.74792311358275,stop_loss
BTC-USDT-SWAP,2022-09-18T22:00:00+00:00,2022-09-19T02:00:00+00:00,short,19462.4,18775.62857142857,0.1411629524543887,96.94668251846164,6.207461960554848,90.73922055790679,take_profit
BTC-USDT-SWAP,2022-09-19T06:00:00+00:00,2022-09-19T13:00:00+00:00,short,18458.6,18912.185714285715,0.10718196830886349,-48.6162096539249,4.6062955256217855,-53.22250517954669,stop_loss
BTC-USDT-SWAP,2022-09-21T22:00:00+00:00,2022-09-22T08:00:00+00:00,short,18461.3,19225.699999999997,0.06365898068566558,-48.66092483612263,2.8789392061208146,-51.539864042243444,stop_loss
BTC-USDT-SWAP,2022-09-25T22:00:00+00:00,2022-09-26T08:00:00+00:00,short,18745.6,19009.77142857143,0.1832265729025408,-48.403225515911416,8.301344778623577,-56.70457029453499,stop_loss
BTC-USDT-SWAP,2022-09-28T03:00:00+00:00,2022-09-28T14:00:00+00:00,short,18636.4,19233.885714285716,0.08055047436474885,-48.127757711875105,3.508039900406429,-51.635797612281536,stop_loss
BTC-USDT-SWAP,2022-09-30T15:00:00+00:00,2022-09-30T16:00:00+00:00,long,19993.9,19633.0,0.1326171340437161,-47.86152367637734,6.043486795392474,-53.90501047176981,stop_loss
BTC-USDT-SWAP,2022-10-02T11:00:00+00:00,2022-10-02T19:00:00+00:00,short,19103.6,19264.68571428571,0.2954451847890493,-47.59199862401849,13.03608405233061,-60.628082676349095,stop_loss
BTC-USDT-SWAP,2022-10-04T07:00:00+00:00,2022-10-04T20:00:00+00:00,long,19837.8,20367.700000000004,0.17844852154957264,94.55987156911945,8.60953443979361,85.95033712932585,take_profit
BTC-USDT-SWAP,2022-10-13T11:00:00+00:00,2022-10-13T12:00:00+00:00,short,18690.1,18867.18571428571,0.26946617398675865,-47.71860989628338,11.13245989543173,-58.85106979171511,stop_loss
BTC-USDT-SWAP,2022-10-20T01:00:00+00:00,2022-10-20T04:00:00+00:00,short,18972.4,19202.600000000002,0.2061032357554296,-47.444964870900044,8.654790127459878,-56.09975499835992,stop_loss
BTC-USDT-SWAP,2022-10-21T13:00:00+00:00,2022-10-21T14:00:00+00:00,short,18877.1,19054.600000000002,0.26455586853160945,-46.95866666436164,11.038559222218494,-57.99722588658013,stop_loss
BTC-USDT-SWAP,2022-10-25T16:00:00+00:00,2022-10-25T17:00:00+00:00,long,19749.9,20090.47142857143,0.2751485633391793,93.70773928580022,12.058223057617788,81.64951622818242,take_profit
BTC-USDT-SWAP,2022-10-25T19:00:00+00:00,2022-10-25T22:00:00+00:00,long,20272.0,20000.571428571428,0.1740594626023505,-47.24471127778103,7.71080435451911,-54.95551563230014,stop_loss
BTC-USDT-SWAP,2022-10-26T09:00:00+00:00,2022-10-27T20:00:00+00:00,long,20671.8,20315.685714285715,0.13198161290524327,-47.00053780716984,7.03247281555266,-54.0330106227225,stop_loss
BTC-USDT-SWAP,2022-10-29T09:00:00+00:00,2022-10-29T11:00:00+00:00,long,20925.0,20707.67142857143,0.21496103473960623,-46.71717459276589,9.84434234218573,-56.56151693495163,stop_loss
BTC-USDT-SWAP,2022-11-04T13:00:00+00:00,2022-11-04T14:00:00+00:00,long,20756.9,21229.199999999997,0.19667245662046348,92.88840126184404,9.083260374003686,83.80514088784035,take_profit
BTC-USDT-SWAP,2022-11-05T01:00:00+00:00,2022-11-06T23:00:00+00:00,long,21437.8,20951.785714285714,0.09640332411972385,-46.85339271253034,5.516770910735387,-52.37016362326573,stop_loss
BTC-USDT-SWAP,2022-11-08T19:00:00+00:00,2022-11-09T15:00:00+00:00,short,18598.7,16944.871428571427,0.056337046045308974,93.17181637961913,2.4029037842233887,90.76891259539575,take_profit
BTC-USDT-SWAP,2022-11-09T19:00:00+00:00,2022-11-10T13:00:00+00:00,short,16601.8,17498.671428571426,0.05234993008754795,-46.95115658323345,2.142188754285769,-49.09334533751922,stop_loss
BTC-USDT-SWAP,2022-11-13T10:00:00+00:00,2022-11-14T00:00:00+00:00,short,16541.1,16090.1,0.20753844669934987,93.59983946140642,8.12667427432299,85.47316518708342,take_profit
BTC-USDT-SWAP,2022-11-20T12:00:00+00:00,2022-11-20T21:00:00+00:00,short,16524.9,16229.414285714289,0.31965867230368544,94.45457111327705,12.040730709307429,82.41384040396963,take_profit
BTC-USDT-SWAP,2022-11-21T03:00:00+00:00,2022-11-21T04:00:00+00:00,short,16018.3,16267.22857142857,0.19137760878657772,-47.63935475865866,6.7965999820518075,-54.43595474071047,stop_loss
BTC-USDT-SWAP,2022-11-21T20:00:00+00:00,2022-11-22T13:00:00+00:00,short,15726.3,16034.285714285714,0.15429765223820816,-47.52147263719331,5.880700571309592,-53.4021732085029,stop_loss
BTC-USDT-SWAP,2022-11-28T02:00:00+00:00,2022-11-28T14:00:00+00:00,short,16146.8,16297.785714285714,0.3121578761904834,-47.13137990653177,11.647007916019255,-58.778387822551025,stop_loss
BTC-USDT-SWAP,2022-12-05T01:00:00+00:00,2022-12-05T15:00:00+00:00,long,17214.5,17047.585714285713,0.2807574166740342,-46.862423663134855,11.062234876258264,-57.92465853939312,stop_loss
BTC-USDT-SWAP,2022-12-08T19:00:00+00:00,2022-12-09T13:00:00+00:00,long,17249.1,17099.52857142857,0.3109995627600023,-46.516648887102875,12.81889016054401,-59.33553904764688,stop_loss
BTC-USDT-SWAP,2022-12-13T10:00:00+00:00,2022-12-13T13:00:00+00:00,long,17435.8,17764.342857142856,0.281363421465391,92.43994238372929,10.894435893391883,81.5455064903374,take_profit
BTC-USDT-SWAP,2022-12-14T15:00:00+00:00,2022-12-14T18:00:00+00:00,long,18054.9,18344.971428571433,0.3198372278983003,92.77564160678638,13.388339069604156,79.38730253718222,take_profit
BTC-USDT-SWAP,2022-12-19T23:00:00+00:00,2022-12-20T01:00:00+00:00,short,16416.1,16601.9,0.25309276230894245,-47.024635237002244,9.61010934980416,-56.634744586806406,stop_loss
BTC-USDT-SWAP,2022-12-22T15:00:00+00:00,2022-12-22T20:00:00+00:00,short,16672.5,16767.68571428572,0.4905400758597702,-46.692407506482944,18.864313922608098,-65.55672142909104,stop_loss
BTC-USDT-SWAP,2022-12-27T15:00:00+00:00,2022-12-27T17:00:00+00:00,short,16776.0,16617.65714285714,0.5862427739957679,92.8273558138455,22.51330872688598,70.31404708695952,take_profit
BTC-USDT-SWAP,2022-12-28T22:00:00+00:00,2022-12-29T14:00:00+00:00,short,16528.2,16663.414285714287,0.3458602609577407,-46.76524814235755,13.775592454158982,-60.54084059651653,stop_loss
BTC-USDT-SWAP,2022-12-30T15:00:00+00:00,2022-12-30T16:00:00+00:00,short,16418.4,16532.114285714284,0.40787284621975367,-46.380969370130714,15.455563053036778,-61.83653242316749,stop_loss
BTC-USDT-SWAP,2023-01-04T19:00:00+00:00,2023-01-04T20:00:00+00:00,long,16946.7,16841.514285714286,0.4383629972059912,-46.109524977539174,16.2926531729764,-62.402178150515574,stop_loss
BTC-USDT-SWAP,2023-01-06T20:00:00+00:00,2023-01-08T20:00:00+00:00,long,16935.0,16927.4,0.4065494142981707,-3.089775548665506,19.273434441422527,-22.363209990088034,max_hold
BTC-USDT-SWAP,2023-01-09T00:00:00+00:00,2023-01-09T15:00:00+00:00,long,17129.9,17323.214285714286,0.4731107602067518,91.4590686731105,18.74515995488504,72.71390871822545,take_profit
BTC-USDT-SWAP,2023-01-10T19:00:00+00:00,2023-01-11T15:00:00+00:00,long,17431.0,17320.185714285715,0.41594911326676987,-46.09310388014724,17.34566985939118,-63.43877373953842,stop_loss
BTC-USDT-SWAP,2023-01-12T00:00:00+00:00,2023-01-12T02:00:00+00:00,long,17943.0,18314.542857142857,0.24640985087676662,91.55182002289908,9.8276373014452,81.72418272145387,take_profit
BTC-USDT-SWAP,2023-01-12T18:00:00+00:00,2023-01-13T21:00:00+00:00,long,18846.9,19571.685714285715,0.1274608565192394,92.38180793576582,6.121082301750841,86.26072563401497,take_profit
BTC-USDT-SWAP,2023-01-14T01:00:00+00:00,2023-01-14T10:00:00+00:00,long,20906.3,20245.77142857143,0.0703923638520554,-46.496167534678335,3.331310323055639,-49.827477857733975,stop_loss
BTC-USDT-SWAP,2023-01-20T17:00:00+00:00,2023-01-20T20:00:00+00:00,long,21312.3,21780.228571428575,0.19864549859083525,92.95190437632677,9.416150505972368,83.5357538703544,take_profit
BTC-USDT-SWAP,2023-01-20T23:00:00+00:00,2023-01-22T23:00:00+00:00,long,22590.9,22681.8,0.10316615156660462,9.377803177404134,6.538854322041189,2.838948855362945,max_hold
BTC-USDT-SWAP,2023-01-25T22:00:00+00:00,2023-01-25T23:00:00+00:00,long,23599.9,23174.442857142858,0.1099701214350828,-46.78757366542344,5.658158180450817,-52.445731845874256,stop_loss
BTC-USDT-SWAP,2023-01-29T19:00:00+00:00,2023-01-30T09:00:00+00:00,long,23681.9,23360.800000000003,0.1435863684613935,-46.105582912953246,8.105628546742555,-54.211211459695804,stop_loss
BTC-USDT-SWAP,2023-02-01T20:00:00+00:00,2023-02-02T00:00:00+00:00,long,23379.7,24014.757142857143,0.14483765730199977,91.98018882432984,7.894177462922176,84.08601136140767,take_profit
BTC-USDT-SWAP,2023-02-09T04:00:00+00:00,2023-02-09T14:00:00+00:00,short,22521.4,22836.657142857144,0.14785323807850603,-46.611789398806714,7.712285964749539,-54.324075363556254,stop_loss
BTC-USDT-SWAP,2023-02-09T20:00:00+00:00,2023-02-11T20:00:00+00:00,short,22037.5,21663.3,0.13797293591268725,51.62947261852767,8.441338748826428,43.18813386970125,max_hold
BTC-USDT-SWAP,2023-02-13T10:00:00+00:00,2023-02-14T09:00:00+00:00,short,21587.3,21864.27142857143,0.16835684659203448,-46.6300363103767,9.144211931478537,-55.77424824185524,stop_loss
BTC-USDT-SWAP,2023-02-16T01:00:00+00:00,2023-02-16T23:00:00+00:00,long,24602.1,23923.32857142857,0.06828685345038771,-46.35116506916743,3.9763785953692787,-50.327543664536705,stop_loss
BTC-USDT-SWAP,2023-02-19T16:00:00+00:00,2023-02-19T17:00:00+00:00,long,24927.5,24721.442857142858,0.22459402244982835,-46.27920256880444,12.265941365334127,-58.54514393413857,stop_loss
BTC-USDT-SWAP,2023-03-03T02:00:00+00:00,2023-03-05T01:00:00+00:00,short,22152.0,22605.714285714286,0.10095957538356992,-45.80680163117406,6.326207761194799,-52.13300939236886,stop_loss
BTC-USDT-SWAP,2023-03-08T23:00:00+00:00,2023-03-09T18:00:00+00:00,short,21807.3,21171.914285714287,0.14384072009451115,91.39433868062218,7.727701414941805,83.66663726568038,take_profit
BTC-USDT-SWAP,2023-03-09T20:00:00+00:00,2023-03-09T21:00:00+00:00,short,20860.5,20202.92857142857,0.13980069015589175,91.92893954108175,6.314765219898166,85.61417432118358,take_profit
BTC-USDT-SWAP,2023-03-10T11:00:00+00:00,2023-03-10T13:00:00+00:00,short,19625.2,20083.828571428574,0.10115492913500639,-46.392540642146535,4.418440368279082,-50.81098101042562,stop_loss
BTC-USDT-SWAP,2023-03-14T13:00:00+00:00,2023-03-14T18:00:00+00:00,long,25862.4,25124.84285714286,0.062336067661242174,-45.976411961175266,3.655095853693501,-49.63150781486877,stop_loss
BTC-USDT-SWAP,2023-03-17T02:00:00+00:00,2023-03-17T11:00:00+00:00,long,25660.7,26877.328571428574,0.07543851800905099,91.7806563960404,4.557899666727613,87.22275672931279,take_profit
BTC-USDT-SWAP,2023-03-17T22:00:00+00:00,2023-03-19T22:00:00+00:00,long,27098.0,27971.7,0.060436679999192375,52.803527315294424,4.659521771172134,48.144005544122294,max_hold
BTC-USDT-SWAP,2023-03-22T15:00:00+00:00,2023-03-22T18:00:00+00:00,long,28561.4,28219.18571428571,0.13611580677539198,-46.580773590065064,8.888045518731191,-55.468819108796254,stop_loss
BTC-USDT-SWAP,2023-03-26T14:00:00+00:00,2023-03-26T15:00:00+00:00,long,28154.1,27842.285714285717,0.14864384852374202,-46.34927545325242,9.155870103590448,-55.50514555684286,stop_loss
BTC-USDT-SWAP,2023-03-29T07:00:00+00:00,2023-03-30T02:00:00+00:00,long,28052.0,29036.314285714285,0.09349105840248895,92.02458437211838,6.6715586562316975,85.35302571588669,take_profit
BTC-USDT-SWAP,2023-04-05T01:00:00+00:00,2023-04-05T14:00:00+00:00,long,28667.1,28249.085714285713,0.11109442643876472,-46.43905731463847,7.271531658062403,-53.71058897270087,stop_loss
BTC-USDT-SWAP,2023-04-09T22:00:00+00:00,2023-04-10T13:00:00+00:00,long,28439.2,28198.385714285712,0.1918062496073733,-46.18968499473611,13.036131483207944,-59.22581647794406,stop_loss
BTC-USDT-SWAP,2023-04-10T17:00:00+00:00,2023-04-10T22:00:00+00:00,long,29050.4,29656.385714285716,0.1513791670257377,91.73361265806814,9.775682752205753,81.95792990586239,take_profit
BTC-USDT-SWAP,2023-04-11T01:00:00+00:00,2023-04-13T01:00:00+00:00,long,29922.5,29982.1,0.08450641763175917,5.036582490852724,7.087252403928872,-2.050669913076148,max_hold
BTC-USDT-SWAP,2023-04-14T01:00:00+00:00,2023-04-14T15:00:00+00:00,long,30756.0,30364.385714285712,0.11813179471606265,-46.26209840787774,8.303299986891554,-54.56539839476929,stop_loss
BTC-USDT-SWAP,2023-04-16T19:00:00+00:00,2023-04-16T20:00:00+00:00,long,30505.5,30335.614285714284,0.27077664998959317,-46.00108459537533,18.12178841871166,-64.12287301408699,stop_loss
BTC-USDT-SWAP,2023-04-20T20:00:00+00:00,2023-04-22T20:00:00+00:00,short,28108.9,27615.1,0.08779158543012244,43.35148488539472,6.8489376291114,36.50254725628332,max_hold
BTC-USDT-SWAP,2023-04-24T09:00:00+00:00,2023-04-24T12:00:00+00:00,short,27192.3,27584.5,0.11693774341301945,-45.862982966586316,7.046022921724912,-52.90900588831123,stop_loss
BTC-USDT-SWAP,2023-04-24T17:00:00+00:00,2023-04-24T18:00:00+00:00,short,27106.5,27566.214285714286,0.09918864684897853,-45.59843793714475,5.9652038045169,-51.563641741661655,stop_loss
BTC-USDT-SWAP,2023-04-30T16:00:00+00:00,2023-04-30T19:00:00+00:00,long,29653.8,29412.071428571428,0.18764593715209463,-45.35938432215139,12.191817877711356,-57.55120219986275,stop_loss
BTC-USDT-SWAP,2023-05-05T17:00:00+00:00,2023-05-06T08:00:00+00:00,long,29597.0,29181.557142857142,0.10844539253191408,-45.05286371743714,7.649116442180023,-52.701980159617165,stop_loss
BTC-USDT-SWAP,2023-05-08T09:00:00+00:00,2023-05-10T09:00:00+00:00,short,27707.4,27573.1,0.08897368656463894,11.949166105631269,6.885913832191132,5.063252273440137,max_hold
BTC-USDT-SWAP,2023-05-12T03:00:00+00:00,2023-05-14T03:00:00+00:00,short,26649.8,26812.7,0.08705258367911095,-14.1808658813273,6.515668256922257,-20.696534138249557,max_hold
BTC-USDT-SWAP,2023-05-17T12:00:00+00:00,2023-05-17T16:00:00+00:00,short,26643.1,26902.31428571429,0.1725539264809806,-44.728442799963474,10.62539220205841,-55.35383500202188,stop_loss
BTC-USDT-SWAP,2023-05-18T18:00:00+00:00,2023-05-18T21:00:00+00:00,short,26491.9,26883.414285714283,0.11352272989019165,-44.44577050529374,6.665242525107353,-51.11101303040109,stop_loss
BTC-USDT-SWAP,2023-05-21T22:00:00+00:00,2023-05-22T13:00:00+00:00,short,26750.5,26975.842857142856,0.19613879759628974,-44.198477046912224,12.645384344695213,-56.84386139160743,stop_loss
BTC-USDT-SWAP,2023-05-24T14:00:00+00:00,2023-05-26T14:00:00+00:00,short,26435.0,26733.785714285714,0.1469593012346293,-43.90933979031809,10.939106634491237,-54.84844642480933,stop_loss
BTC-USDT-SWAP,2023-05-28T22:00:00+00:00,2023-05-30T22:00:00+00:00,long,27846.3,27725.8,0.13106529226788705,-15.79336771828039,10.197002939816343,-25.990370658096733,max_hold
BTC-USDT-SWAP,2023-06-05T04:00:00+00:00,2023-06-05T15:00:00+00:00,short,26850.5,26348.64285714286,0.17331804635551434,86.98089954956,10.603427233956104,76.37747231560388,take_profit
BTC-USDT-SWAP,2023-06-05T17:00:00+00:00,2023-06-06T16:00:00+00:00,short,25808.2,26214.314285714285,0.10800294002268612,-43.86153684235584,7.023230612786665,-50.8847674551425,stop_loss
BTC-USDT-SWAP,2023-06-10T05:00:00+00:00,2023-06-10T17:00:00+00:00,short,25770.9,26058.442857142858,0.15163913240306767,-43.602749385841996,9.43122790065393,-53.033977286495926,stop_loss
BTC-USDT-SWAP,2023-06-14T21:00:00+00:00,2023-06-15T18:00:00+00:00,short,24937.1,25297.500000000004,0.1195607926438221,-43.0897096688341,7.507610742681683,-50.59732041151578,stop_loss
BTC-USDT-SWAP,2023-06-20T17:00:00+00:00,2023-06-20T18:00:00+00:00,long,27376.9,28054.0,0.12728811816477484,86.18678480936886,7.761264444097799,78.42552036527105,take_profit
BTC-USDT-SWAP,2023-06-20T21:00:00+00:00,2023-06-21T10:00:00+00:00,long,28155.5,29197.54285714286,0.08346626206632848,86.97542219863166,5.744452926498786,81.23096927213288,take_profit
BTC-USDT-SWAP,2023-06-21T14:00:00+00:00,2023-06-21T16:00:00+00:00,long,29305.0,30375.87142857143,0.08197798388951474,87.78788071917036,5.626395143956174,82.16148557521419,take_profit
BTC-USDT-SWAP,2023-06-23T16:00:00+00:00,2023-06-23T19:00:00+00:00,long,31236.4,30747.82857142857,0.09039459279744375,-44.16421533817989,6.16334301173576,-50.327558349915655,stop_loss
BTC-USDT-SWAP,2023-06-27T12:00:00+00:00,2023-06-27T15:00:00+00:00,long,30725.5,30437.757142857143,0.1531131279239115,-44.05720889490609,10.301387376673116,-54.3585962715792,stop_loss
BTC-USDT-SWAP,2023-07-03T16:00:00+00:00,2023-07-04T16:00:00+00:00,long,31065.5,30832.28571428571,0.18766710225008196,-43.76664920332347,14.52022260087065,-58.28687180419412,stop_loss
BTC-USDT-SWAP,2023-07-06T09:00:00+00:00,2023-07-06T11:00:00+00:00,long,31343.1,31019.3,0.13428212891178462,-43.48055334163576,9.211571419653104,-52.692124761288866,stop_loss
BTC-USDT-SWAP,2023-07-13T19:00:00+00:00,2023-07-14T17:00:00+00:00,long,31257.7,30820.914285714287,0.09897420981685882,-43.230520930720786,7.68022724431767,-50.91074817503846,stop_loss
BTC-USDT-SWAP,2023-07-17T19:00:00+00:00,2023-07-17T21:00:00+00:00,short,29798.9,30117.21428571429,0.1350111167439712,-42.9759671898456,8.898275650741063,-51.87424284058666,stop_loss
BTC-USDT-SWAP,2023-07-24T10:00:00+00:00,2023-07-26T10:00:00+00:00,short,29178.4,29190.8,0.12660520443284673,-1.569904534967023,10.345782298014404,-11.915686832981427,max_hold
BTC-USDT-SWAP,2023-07-30T20:00:00+00:00,2023-07-31T00:00:00+00:00,short,29202.6,29352.899999999998,0.28381249195926794,-42.657017541477764,19.111599728859048,-61.76861727033681,stop_loss
BTC-USDT-SWAP,2023-08-01T03:00:00+00:00,2023-08-01T18:00:00+00:00,short,28933.2,29226.657142857144,0.14435705925779424,-42.36261016105165,10.07494313279553,-52.43755329384718,stop_loss
BTC-USDT-SWAP,2023-08-07T16:00:00+00:00,2023-08-07T18:00:00+00:00,short,28859.9,29029.399999999998,0.24858822615863577,-42.13570433388786,15.829658240621624,-57.965362574509484,stop_loss
BTC-USDT-SWAP,2023-08-08T21:00:00+00:00,2023-08-09T16:00:00+00:00,long,29975.8,29645.357142857145,0.12652357685975235,-41.8088122334701,9.429352572789572,-51.238164806259675,stop_loss
BTC-USDT-SWAP,2023-08-14T15:00:00+00:00,2023-08-14T18:00:00+00:00,long,29534.1,29349.842857142856,0.22556805784056233,-41.562525857536734,15.27468712252242,-56.83721298005916,stop_loss
BTC-USDT-SWAP,2023-08-17T00:00:00+00:00,2023-08-17T15:00:00+00:00,short,28737.2,28238.64285714286,0.16553392233633418,82.52811936593882,10.846149958545686,71.68196940739314,take_profit
BTC-USDT-SWAP,2023-08-17T22:00:00+00:00,2023-08-19T22:00:00+00:00,short,26184.7,26087.5,0.04523000898037806,4.39635687289278,3.3099809055937652,1.086375967299015,max_hold
BTC-USDT-SWAP,2023-08-21T11:00:00+00:00,2023-08-21T13:00:00+00:00,short,25947.3,26113.442857142858,0.2506559175738487,-41.64469030548411,14.354266597476666,-55.99895690296078,stop_loss
BTC-USDT-SWAP,2023-08-22T22:00:00+00:00,2023-08-22T23:00:00+00:00,short,25666.0,25996.757142857143,0.12498484408261551,-41.33962992921137,7.102767811015834,-48.44239774022721,stop_loss
BTC-USDT-SWAP,2023-08-25T15:00:00+00:00,2023-08-25T18:00:00+00:00,short,25835.8,26067.22857142857,0.17750473596814473,-41.079667466913676,10.594988389896274,-51.67465585680995,stop_loss
BTC-USDT-SWAP,2023-09-01T18:00:00+00:00,2023-09-01T20:00:00+00:00,short,25483.2,25805.585714285713,0.126677587906494,-40.83904466122618,7.146853627032638,-47.985898288258824,stop_loss
BTC-USDT-SWAP,2023-09-04T22:00:00+00:00,2023-09-05T15:00:00+00:00,short,25671.0,25873.142857142855,0.20094308575867573,-40.61920947836046,12.428926942200347,-53.04813642056081,stop_loss
BTC-USDT-SWAP,2023-09-11T15:00:00+00:00,2023-09-12T03:00:00+00:00,short,25149.0,25448.8,0.13458082912139469,-40.34733257059403,8.171392650862204,-48.51872522145623,stop_loss
BTC-USDT-SWAP,2023-09-18T03:00:00+00:00,2023-09-18T10:00:00+00:00,long,26658.8,27025.071428571424,0.219095140940763,80.24829026543088,13.526156683421954,66.72213358200892,take_profit
BTC-USDT-SWAP,2023-09-18T12:00:00+00:00,2023-09-18T17:00:00+00:00,long,27198.0,26914.128571428573,0.1424056367099772,-40.424891529484846,8.8617529413884,-49.28664447087324,stop_loss
BTC-USDT-SWAP,2023-09-24T18:00:00+00:00,2023-09-24T19:00:00+00:00,long,26673.4,26603.7,0.579775733147632,-40.41036860039037,33.97764668372767,-74.38801528411804,stop_loss
BTC-USDT-SWAP,2023-10-01T07:00:00+00:00,2023-10-01T22:00:00+00:00,long,27130.5,27351.4,0.36023998398832474,79.57701246302146,23.551870540384208,56.02514192263725,take_profit
BTC-USDT-SWAP,2023-10-02T14:00:00+00:00,2023-10-02T15:00:00+00:00,long,28568.1,28199.485714285714,0.1087495669427054,-40.08664394032307,6.790795399092629,-46.8774393394157,stop_loss
BTC-USDT-SWAP,2023-10-05T14:00:00+00:00,2023-10-05T15:00:00+00:00,long,27991.1,27771.98571428571,0.1818788611327288,-39.85225674362599,11.156339175257127,-51.00859591888312,stop_loss
BTC-USDT-SWAP,2023-10-11T16:00:00+00:00,2023-10-13T16:00:00+00:00,short,26780.1,26707.5,0.11325508553902904,8.222319210133342,8.480839798588317,-0.2585205884549744,max_hold
BTC-USDT-SWAP,2023-10-20T03:00:00+00:00,2023-10-20T08:00:00+00:00,long,28982.7,29832.24285714286,0.09321700683649199,79.19184232217893,6.304935869962497,72.88690645221644,take_profit
BTC-USDT-SWAP,2023-10-23T04:00:00+00:00,2023-10-23T20:00:00+00:00,long,30738.4,31577.957142857143,0.09518255405384886,79.91119313129482,7.117716038626741,72.79347709266808,take_profit
BTC-USDT-SWAP,2023-10-23T23:00:00+00:00,2023-10-25T23:00:00+00:00,long,33378.8,34613.0,0.0319310250624091,39.40927113202522,3.03946701777363,36.369804114251586,max_hold
BTC-USDT-SWAP,2023-11-01T13:00:00+00:00,2023-11-01T14:00:00+00:00,long,34802.1,34519.58571428571,0.14342819803515283,-40.52051491918829,10.936952913435116,-51.4574678326234,stop_loss
BTC-USDT-SWAP,2023-11-01T21:00:00+00:00,2023-11-02T13:00:00+00:00,long,35469.3,34795.12857142857,0.05927920243257719,-39.96434458854575,4.99826314211409,-44.96260773065984,stop_loss
BTC-USDT-SWAP,2023-11-04T23:00:00+00:00,2023-11-05T13:00:00+00:00,long,35165.1,34935.64285714286,0.17488670540011628,-40.12900374480837,14.711625557263739,-54.84062930207211,stop_loss
BTC-USDT-SWAP,2023-11-07T19:00:00+00:00,2023-11-09T02:00:00+00:00,long,35397.9,36218.18571428571,0.0969171299287387,79.4997371501164,9.023073129406852,70.47666402070955,take_profit
BTC-USDT-SWAP,2023-11-09T05:00:00+00:00,2023-11-09T16:00:00+00:00,long,36706.2,35923.35714285714,0.0512329835133105,-40.10737519351301,4.465234684414852,-44.57260987792786,stop_loss
BTC-USDT-SWAP,2023-11-15T19:00:00+00:00,2023-11-16T13:00:00+00:00,long,37409.5,36842.28571428572,0.07050633241239755,-39.99219897763185,6.282265302942649,-46.2744642805745,stop_loss
BTC-USDT-SWAP,2023-11-19T20:00:00+00:00,2023-11-19T23:00:00+00:00,long,36959.7,37504.78571428571,0.1444146714905741,78.71837436277619,11.82914066635743,66.88923369641876,take_profit
BTC-USDT-SWAP,2023-11-22T21:00:00+00:00,2023-11-23T15:00:00+00:00,long,37630.9,37064.885714285716,0.07065109275760052,-39.98952780212699,6.332806662122222,-46.32233446424922,stop_loss
BTC-USDT-SWAP,2023-11-28T17:00:00+00:00,2023-11-30T14:00:00+00:00,long,37880.7,37487.24285714286,0.10100401362797604,-39.7407506191667,10.27682738206476,-50.017578001231456,stop_loss
BTC-USDT-SWAP,2023-12-01T10:00:00+00:00,2023-12-01T12:00:00+00:00,long,38711.6,38356.57142857143,0.11126080070564455,-39.50076313052393,9.432133108269008,-48.932896238792935,stop_loss
BTC-USDT-SWAP,2023-12-02T20:00:00+00:00,2023-12-03T22:00:00+00:00,long,39433.4,40098.514285714286,0.11804316789609108,78.51219729865993,11.73524888890762,66.77694840975231,take_profit
BTC-USDT-SWAP,2023-12-04T02:00:00+00:00,2023-12-04T09:00:00+00:00,long,40606.6,41812.54285714286,0.06565814152285133,79.17996678275746,6.223210907792345,72.95675587496511,take_profit
BTC-USDT-SWAP,2023-12-04T11:00:00+00:00,2023-12-04T15:00:00+00:00,long,41981.0,41163.17142857143,0.04885469714143315,-39.954767170753556,4.468181645640082,-44.422948816393635,stop_loss
BTC-USDT-SWAP,2023-12-05T17:00:00+00:00,2023-12-05T18:00:00+00:00,long,42714.0,43788.042857142864,0.0739802013530261,79.45790683320851,7.039382402821475,72.41852443038704,take_profit
BTC-USDT-SWAP,2023-12-05T23:00:00+00:00,2023-12-07T09:00:00+00:00,long,44312.9,43302.25714285715,0.03967251612718428,-40.09474504882352,4.69248354189331,-44.78722859071683,stop_loss
BTC-USDT-SWAP,2023-12-08T21:00:00+00:00,2023-12-09T08:00:00+00:00,long,44367.9,43801.27142857143,0.07036498142927856,-39.87080890586994,7.444826532247568,-47.31563543811751,stop_loss
BTC-USDT-SWAP,2023-12-13T22:00:00+00:00,2023-12-14T13:00:00+00:00,long,42999.8,42317.77142857143,0.05811227328154573,-39.63423072867935,5.9495976318899295,-45.58382836056928,stop_loss
BTC-USDT-SWAP,2023-12-18T02:00:00+00:00,2023-12-18T14:00:00+00:00,short,40982.4,41636.04285714286,0.06015837155870626,-39.32208986669423,5.715719630452003,-45.03780949714623,stop_loss
BTC-USDT-SWAP,2023-12-20T14:00:00+00:00,2023-12-22T14:00:00+00:00,long,43791.9,43699.9,0.06501549313161938,-5.981425368108982,7.963651530762222,-13.945076898871203,max_hold
BTC-USDT-SWAP,2023-12-29T17:00:00+00:00,2023-12-30T17:00:00+00:00,short,41970.2,42618.57142857143,0.06032251797564758,-39.111397154896416,6.378259606297431,-45.48965676119385,stop_loss
BTC-USDT-SWAP,2024-01-02T01:00:00+00:00,2024-01-03T11:00:00+00:00,long,45161.1,44448.514285714286,0.054559742242149246,-38.87849289686631,6.355800695201082,-45.234293592067395,stop_loss
BTC-USDT-SWAP,2024-01-07T14:00:00+00:00,2024-01-07T15:00:00+00:00,long,44404.9,43988.22857142857,0.09275534442377069,-38.648501868687866,9.018828593871252,-47.66733046255912,stop_loss
BTC-USDT-SWAP,2024-01-08T12:00:00+00:00,2024-01-08T18:00:00+00:00,long,44635.6,46245.74285714285,0.0477217789469828,76.83888150163463,4.987572257368554,71.85130924426608,take_profit
BTC-USDT-SWAP,2024-01-11T15:00:00+00:00,2024-01-11T16:00:00+00:00,long,48573.5,47583.57142857143,0.039173227661342125,-38.77869729703865,4.331800277867269,-43.110497574905914,stop_loss
BTC-USDT-SWAP,2024-01-15T00:00:00+00:00,2024-01-15T01:00:00+00:00,short,41738.3,42368.77142857143,0.0614090754047383,-38.71666749767596,5.681431240571738,-44.3980987382477,stop_loss
BTC-USDT-SWAP,2024-01-18T17:00:00+00:00,2024-01-18T19:00:00+00:00,short,41960.5,40975.77142857143,0.07787942667526802,76.6900965736126,7.104932196385711,69.5851643772269,take_profit
BTC-USDT-SWAP,2024-01-19T17:00:00+00:00,2024-01-19T18:00:00+00:00,short,40417.7,41029.928571428565,0.06319384939367056,-38.689080137359014,5.6616880907559235,-44.35076822811494,stop_loss
BTC-USDT-SWAP,2024-01-22T02:00:00+00:00,2024-01-22T09:00:00+00:00,short,41366.9,40659.87142857143,0.10881406452498554,76.93465259243688,10.264516358855534,66.67013623358135,take_profit
BTC-USDT-SWAP,2024-01-22T19:00:00+00:00,2024-01-24T19:00:00+00:00,short,40323.1,39766.5,0.0430537748817794,23.963731099198352,4.827423452280463,19.13630764691789,max_hold
BTC-USDT-SWAP,2024-01-28T05:00:00+00:00,2024-01-28T06:00:00+00:00,long,42719.3,42361.014285714286,0.10859271312142486,-38.90721778693371,10.16301237766016,-49.070230164593866,stop_loss
BTC-USDT-SWAP,2024-01-29T17:00:00+00:00,2024-01-31T10:00:00+00:00,long,43197.3,42562.071428571435,0.060845826373765836,-38.65100736479796,7.044434762219305,-45.695442127017266,stop_loss
BTC-USDT-SWAP,2024-02-05T14:00:00+00:00,2024-02-05T15:00:00+00:00,long,43446.9,42994.27142857143,0.08488754926118584,-38.42253015416287,8.071557117621214,-46.49408727178408,stop_loss
BTC-USDT-SWAP,2024-02-07T18:00:00+00:00,2024-02-07T21:00:00+00:00,long,43506.5,44435.728571428575,0.08219734281112709,76.3801194356085,7.951479260406231,68.42864017520228,take_profit
BTC-USDT-SWAP,2024-02-08T01:00:00+00:00,2024-02-09T02:00:00+00:00,long,44677.8,45901.65714285715,0.06296846514083326,77.06440583735993,7.129561736969501,69.93484410039042,take_profit
BTC-USDT-SWAP,2024-02-09T09:00:00+00:00,2024-02-09T12:00:00+00:00,long,46650.1,47913.21428571428,0.06156509759874093,77.76375427836383,6.403979640586453,71.35977463777738,take_profit
BTC-USDT-SWAP,2024-02-11T04:00:00+00:00,2024-02-11T10:00:00+00:00,long,48540.0,47939.62857142857,0.0653682220154202,-39.24521283457225,7.252707047485783,-46.497919882058035,stop_loss
BTC-USDT-SWAP,2024-02-12T16:00:00+00:00,2024-02-13T14:00:00+00:00,long,49938.8,49177.21428571429,0.05121034264052,-39.00106537869653,6.090918063280924,-45.091983441977455,stop_loss
BTC-USDT-SWAP,2024-02-14T09:00:00+00:00,2024-02-15T00:00:00+00:00,long,50791.5,52221.54285714286,0.054233360397613575,77.55602965546156,6.704092174711489,70.85193748075007,take_profit
BTC-USDT-SWAP,2024-02-15T15:00:00+00:00,2024-02-15T16:00:00+00:00,long,52616.4,51795.4,0.047661656537759646,-39.13022001750067,5.722905252602641,-44.85312527010331,stop_loss
BTC-USDT-SWAP,2024-02-18T23:00:00+00:00,2024-02-19T16:00:00+00:00,long,52265.1,51751.94285714286,0.0758113571302686,-38.90313942109095,9.857091479596638,-48.76023090068759,stop_loss
BTC-USDT-SWAP,2024-02-20T14:00:00+00:00,2024-02-20T15:00:00+00:00,long,52858.4,52198.68571428572,0.05862050025255098,-38.672781452325594,6.774348811611211,-45.447130263936806,stop_loss
BTC-USDT-SWAP,2024-02-26T16:00:00+00:00,2024-02-26T19:00:00+00:00,long,52849.1,54050.0,0.06402345728011433,76.88576984768939,7.528454958345936,69.35731488934346,take_profit
BTC-USDT-SWAP,2024-02-27T02:00:00+00:00,2024-02-28T07:00:00+00:00,long,55825.5,58165.5,0.03315082933797218,77.57294065085489,4.723620233830983,72.8493204170239,take_profit
BTC-USDT-SWAP,2024-02-28T09:00:00+00:00,2024-02-28T16:00:00+00:00,long,59477.0,61484.35714285714,0.03900916937008405,78.30533477196208,5.426392378224081,72.878942393738,take_profit
BTC-USDT-SWAP,2024-03-03T17:00:00+00:00,2024-03-04T00:00:00+00:00,long,62879.8,64382.94285714286,0.05257665490902285,79.03022327896252,7.694706711072069,71.33551656789045,take_profit
BTC-USDT-SWAP,2024-03-04T09:00:00+00:00,2024-03-04T23:00:00+00:00,long,65327.4,68031.32857142857,0.0294928381507962,79.74652772845647,4.52309650741607,75.2234312210404,take_profit
BTC-USDT-SWAP,2024-03-08T15:00:00+00:00,2024-03-08T16:00:00+00:00,long,68472.2,67542.05714285714,0.0431870967945584,-40.170169604195586,6.755170021968807,-46.925339626164394,stop_loss
BTC-USDT-SWAP,2024-03-10T10:00:00+00:00,2024-03-10T14:00:00+00:00,long,69858.1,69058.3,0.05003536286144209,-40.01828321658153,7.645805729545758,-47.664088946127286,stop_loss
BTC-USDT-SWAP,2024-03-11T08:00:00+00:00,2024-03-12T17:00:00+00:00,long,71208.0,69747.52857142857,0.02727354530973417,-39.832233680715056,4.997664093695502,-44.82989777441056,stop_loss
BTC-USDT-SWAP,2024-03-13T09:00:00+00:00,2024-03-13T13:00:00+00:00,long,73468.2,72431.5142857143,0.03815120552128341,-39.5508097466924,6.122874983731896,-45.6736847304243,stop_loss
BTC-USDT-SWAP,2024-03-19T02:00:00+00:00,2024-03-19T14:00:00+00:00,short,65853.2,62461.91428571429,0.0231902851224805,78.64488264608056,3.422013698680793,75.22286894739977,take_profit
BTC-USDT-SWAP,2024-03-20T00:00:00+00:00,2024-03-20T12:00:00+00:00,short,61936.2,64081.54285714286,0.018528710189123807,-39.75043605630688,2.6851881715006556,-42.43562422780754,stop_loss
BTC-USDT-SWAP,2024-03-22T12:00:00+00:00,2024-03-23T16:00:00+00:00,short,64242.1,65457.24285714285,0.03249258147418723,-39.483128288490875,5.478546404414534,-44.96167469290541,stop_loss
BTC-USDT-SWAP,2024-03-31T19:00:00+00:00,2024-04-01T05:00:00+00:00,long,70934.4,70362.27142857142,0.06862368204255123,-39.26156917317372,11.150742531852886,-50.4123117050266,stop_loss
BTC-USDT-SWAP,2024-04-07T17:00:00+00:00,2024-04-07T18:00:00+00:00,long,70078.7,69381.45714285714,0.05584411495409577,-38.9369102652081,8.56683195170217,-47.50374221691027,stop_loss
BTC-USDT-SWAP,2024-04-08T08:00:00+00:00,2024-04-08T09:00:00+00:00,long,70714.3,72571.55714285714,0.04168006670018878,77.41060159368759,6.569380491198807,70.84122110248879,take_profit
BTC-USDT-SWAP,2024-04-13T20:00:00+00:00,2024-04-13T21:00:00+00:00,short,64780.0,61929.47142857143,0.02741438016751273,78.14547393549982,3.8210277826241947,74.32444615287562,take_profit
BTC-USDT-SWAP,2024-04-17T15:00:00+00:00,2024-04-18T11:00:00+00:00,short,61291.7,62635.485714285714,0.029382010699137658,-39.48312623449129,4.551537370713953,-44.03466360520524,stop_loss
BTC-USDT-SWAP,2024-04-27T02:00:00+00:00,2024-04-28T00:00:00+00:00,short,62599.2,63757.514285714286,0.033909314946930655,-39.27764392181483,5.355837025467022,-44.63348094728185,stop_loss
BTC-USDT-SWAP,2024-04-29T04:00:00+00:00,2024-04-29T14:00:00+00:00,short,62279.0,63034.3,0.05170723754412587,-39.05447651707842,7.451545256119054,-46.506021773197475,stop_loss
BTC-USDT-SWAP,2024-04-30T10:00:00+00:00,2024-04-30T19:00:00+00:00,short,61679.8,59251.07142857143,0.0319702624476467,77.64708984266959,4.446120452233155,73.20096939043643,take_profit
BTC-USDT-SWAP,2024-05-01T08:00:00+00:00,2024-05-01T18:00:00+00:00,short,57483.8,59030.75714285715,0.025332279847641196,-39.18795125516462,3.394316273046864,-42.58226752821148,stop_loss
BTC-USDT-SWAP,2024-05-06T09:00:00+00:00,2024-05-06T10:00:00+00:00,long,65156.1,64382.18571428571,0.050367433939975254,-38.98007666091748,7.176962153253118,-46.157038814170605,stop_loss
BTC-USDT-SWAP,2024-05-09T11:00:00+00:00,2024-05-09T12:00:00+00:00,short,60816.1,61548.42857142857,0.05290556211383805,-38.744254723452705,7.121140583552847,-45.865395307005556,stop_loss
BTC-USDT-SWAP,2024-05-15T19:00:00+00:00,2024-05-17T19:00:00+00:00,long,65717.7,66818.1,0.030085757959695435,33.10636805884912,5.582415999712444,27.523952059136676,max_hold
BTC-USDT-SWAP,2024-05-20T17:00:00+00:00,2024-05-20T19:00:00+00:00,long,68195.0,70093.0,0.04072976555027752,77.30509501442673,6.195681600258455,71.10941341416827,take_profit
BTC-USDT-SWAP,2024-05-21T00:00:00+00:00,2024-05-21T15:00:00+00:00,long,71481.8,69922.41428571429,0.025015039073993346,-39.00809457428421,4.067816737422142,-43.07591131170635,stop_loss
BTC-USDT-SWAP,2024-05-25T11:00:00+00:00,2024-05-25T13:00:00+00:00,long,69376.7,68921.9,0.08529620716298467,-38.792715017725676,12.975980639545824,-51.7686956572715,stop_loss
BTC-USDT-SWAP,2024-05-27T16:00:00+00:00,2024-05-27T19:00:00+00:00,long,70408.2,69585.08571428571,0.0468147281710708,-38.53387153943932,7.209122378138268,-45.742993917577586,stop_loss
BTC-USDT-SWAP,2024-05-30T18:00:00+00:00,2024-05-30T20:00:00+00:00,long,69319.8,68324.3,0.0384783089601722,-38.30515656985143,5.8259434269793235,-44.13109999683075,stop_loss
BTC-USDT-SWAP,2024-06-03T13:00:00+00:00,2024-06-03T14:00:00+00:00,long,69758.8,68929.40000000001,0.0459181348804769,-38.08450106986727,7.0051338213236125,-45.08963489119088,stop_loss
BTC-USDT-SWAP,2024-06-04T16:00:00+00:00,2024-06-06T16:00:00+00:00,long,70448.7,71299.9,0.04711600090100438,40.10513996693479,9.350078031442553,30.75506193549224,max_hold
BTC-USDT-SWAP,2024-06-07T12:00:00+00:00,2024-06-07T13:00:00+00:00,long,71720.0,71226.6857142857,0.0770560052807877,-38.01282820508878,12.116390626198207,-50.12921883128699,stop_loss
BTC-USDT-SWAP,2024-06-09T13:00:00+00:00,2024-06-09T14:00:00+00:00,long,69700.1,69441.9857142857,0.14635694301340965,-37.776817805234536,22.40085134061794,-60.17766914585248,stop_loss
BTC-USDT-SWAP,2024-06-10T16:00:00+00:00,2024-06-10T19:00:00+00:00,long,70048.7,69524.1142857143,0.07139758667948883,-37.454154006534715,10.96167831667093,-48.41583232320565,stop_loss
BTC-USDT-SWAP,2024-06-11T10:00:00+00:00,2024-06-12T12:00:00+00:00,short,67086.5,68085.88571428572,0.03724209188860428,-37.219214603587055,6.2926280119666105,-43.51184261555367,stop_loss
BTC-USDT-SWAP,2024-06-13T16:00:00+00:00,2024-06-15T16:00:00+00:00,short,66470.2,66327.3,0.03176925851335913,4.539827041558834,5.906429350398932,-1.3666023088400978,max_hold
BTC-USDT-SWAP,2024-06-17T10:00:00+00:00,2024-06-17T17:00:00+00:00,short,65731.0,66366.0,0.05825956280151982,-36.99482237896508,8.850300487501217,-45.8451228664663,stop_loss
BTC-USDT-SWAP,2024-06-21T04:00:00+00:00,2024-06-23T04:00:00+00:00,short,64502.6,64419.7,0.056644622386853374,4.695839195870227,10.223857001042475,-5.528017805172248,max_hold
BTC-USDT-SWAP,2024-06-23T21:00:00+00:00,2024-06-24T00:00:00+00:00,short,63748.2,63110.68571428571,0.11525375195144141,73.47591335121461,16.81410692899312,56.661806422221495,take_profit
BTC-USDT-SWAP,2024-06-24T03:00:00+00:00,2024-06-24T09:00:00+00:00,short,62877.0,61616.18571428572,0.05873061981960977,74.04840447741829,8.408296254365457,65.64010822305283,take_profit
BTC-USDT-SWAP,2024-06-24T17:00:00+00:00,2024-06-25T03:00:00+00:00,short,60172.2,61505.71428571428,0.028006198380537653,-37.34666562899525,3.9188961769181363,-41.265561805913386,stop_loss
BTC-USDT-SWAP,2024-06-28T20:00:00+00:00,2024-06-29T01:00:00+00:00,short,60144.5,60969.58571428572,0.045006399355829126,-37.134137159932656,6.268545245664252,-43.402682405596906,stop_loss
BTC-USDT-SWAP,2024-07-03T02:00:00+00:00,2024-07-03T10:00:00+00:00,short,61633.5,60140.357142857145,0.04946094052706282,73.85225005555141,6.926506931777986,66.92574312377343,take_profit
BTC-USDT-SWAP,2024-07-04T02:00:00+00:00,2024-07-05T02:00:00+00:00,short,58587.5,56262.27142857143,0.0320491105272308,74.52150748678916,4.6010412731768495,69.92046621361231,take_profit
BTC-USDT-SWAP,2024-07-05T04:00:00+00:00,2024-07-05T16:00:00+00:00,short,55240.6,56775.42857142857,0.024504597304607124,-37.610356074462636,3.2938892061650678,-40.904245280627705,stop_loss
BTC-USDT-SWAP,2024-07-08T00:00:00+00:00,2024-07-08T08:00:00+00:00,short,55870.0,56792.34285714286,0.040559636280560654,-37.4098908116875,5.254975196121765,-42.66486600780926,stop_loss
BTC-USDT-SWAP,2024-07-12T02:00:00+00:00,2024-07-12T15:00:00+00:00,short,56948.0,58138.68571428571,0.03123883486232988,-37.195634401506645,4.134450065363645,-41.33008446687029,stop_loss
BTC-USDT-SWAP,2024-07-14T22:00:00+00:00,2024-07-15T06:00:00+00:00,long,61304.8,63007.771428571425,0.043350304015170635,73.82432915772057,6.197335928986615,67.62699322873395,take_profit
BTC-USDT-SWAP,2024-07-15T17:00:00+00:00,2024-07-16T08:00:00+00:00,long,63410.6,62519.65714285714,0.04191621591708912,-37.34495316978832,6.334223818673465,-43.67917698846178,stop_loss
BTC-USDT-SWAP,2024-07-17T01:00:00+00:00,2024-07-17T16:00:00+00:00,long,65515.8,64115.828571428574,0.02650454032104861,-37.105599176887466,4.122992071625551,-41.22859124851302,stop_loss
BTC-USDT-SWAP,2024-07-19T15:00:00+00:00,2024-07-21T15:00:00+00:00,long,65746.0,67290.9,0.03599344967315779,55.60628040006126,6.7038397507520955,48.90244064930916,max_hold
BTC-USDT-SWAP,2024-07-26T14:00:00+00:00,2024-07-27T20:00:00+00:00,long,67891.9,67055.47142857143,0.04440781878176636,-37.143968423891444,7.79053394011843,-44.93450236400987,stop_loss
BTC-USDT-SWAP,2024-07-29T03:00:00+00:00,2024-07-29T14:00:00+00:00,long,69585.1,68785.14285714287,0.04615159229681981,-36.91929591207139,7.343908089508022,-44.26320400157941,stop_loss
BTC-USDT-SWAP,2024-08-01T05:00:00+00:00,2024-08-01T21:00:00+00:00,short,63747.1,64964.78571428571,0.030135006070085676,-36.69496639145653,4.654480148750609,-41.34944654020714,stop_loss
